[
  {
    "id": "1849f447-c396-44e8-889f-0fcac9baa043",
    "data": [
      {
        "text": "ciao",
        "userDefined": false
      }
    ],
    "isTemplate": false,
    "count": 0,
    "updated": 0
  },
  {
    "id": "39091ede-73ca-4960-bef7-0d5f9d951bf8",
    "data": [
      {
        "text": "ciao ciao",
        "userDefined": false
      }
    ],
    "isTemplate": false,
    "count": 0,
    "updated": 0
  },
  {
    "id": "e530f692-d89b-4f6d-8a14-5f8d1b90e673",
    "data": [
      {
        "text": "ciao bello",
        "userDefined": false
      }
    ],
    "isTemplate": false,
    "count": 0,
    "updated": 0
  },
  {
    "id": "7a160f68-e10a-47f6-a1cf-9012a4145ff6",
    "data": [
      {
        "text": "ciao bella",
        "userDefined": false
      }
    ],
    "isTemplate": false,
    "count": 0,
    "updated": 0
  },
  {
    "id": "a76d29e3-1067-44c7-8e77-854c1f2d9576",
    "data": [
      {
        "text": "ciao caro",
        "userDefined": false
      }
    ],
    "isTemplate": false,
    "count": 0,
    "updated": 0
  },
  {
    "id": "40f015ed-40ac-48c7-9373-6dd1be3fe5ba",
    "data": [
      {
        "text": "ciao cara",
        "userDefined": false
      }
    ],
    "isTemplate": false,
    "count": 0,
    "updated": 0
  },
  {
    "id": "3e970b89-a3d3-4cc9-900b-76a7cf3e96fc",
    "data": [
      {
        "text": "salve",
        "userDefined": false
      }
    ],
    "isTemplate": false,
    "count": 0,
    "updated": 0
  },
  {
    "id": "86c5833f-c43d-4468-bd45-6c2f4f1724c3",
    "data": [
      {
        "text": "ehi",
        "userDefined": false
      }
    ],
    "isTemplate": false,
    "count": 0,
    "updated": 0
  }
]