[
  {
    "id": "6fbb9e98-0d83-41dc-a39a-52f73bf6e2ff",
    "data": [
      {
        "text": "chiudi",
        "alias": "statoValvola",
        "meta": "@statusValvola",
        "userDefined": true
      },
      {
        "text": " ",
        "userDefined": false
      },
      {
        "text": "valvola",
        "meta": "@sys.ignore",
        "userDefined": true
      },
      {
        "text": " ",
        "userDefined": false
      },
      {
        "text": "4",
        "alias": "numero",
        "meta": "@sys.number",
        "userDefined": true
      }
    ],
    "isTemplate": false,
    "count": 0,
    "updated": 0
  },
  {
    "id": "de01641e-0470-405c-be23-8cb1bac143cf",
    "data": [
      {
        "text": "apri",
        "alias": "statoValvola",
        "meta": "@statusValvola",
        "userDefined": true
      },
      {
        "text": " ",
        "userDefined": false
      },
      {
        "text": "valvola",
        "meta": "@sys.ignore",
        "userDefined": true
      },
      {
        "text": " ",
        "userDefined": false
      },
      {
        "text": "due",
        "alias": "numero",
        "meta": "@sys.number",
        "userDefined": true
      }
    ],
    "isTemplate": false,
    "count": 0,
    "updated": 0
  },
  {
    "id": "6f65a18c-fd99-44d9-b768-08a6a0b25b0e",
    "data": [
      {
        "text": "apri",
        "alias": "statoValvola",
        "meta": "@statusValvola",
        "userDefined": true
      },
      {
        "text": " ",
        "userDefined": false
      },
      {
        "text": "valvola",
        "meta": "@sys.ignore",
        "userDefined": true
      },
      {
        "text": " ",
        "userDefined": false
      },
      {
        "text": "1",
        "alias": "numero",
        "meta": "@sys.number",
        "userDefined": true
      }
    ],
    "isTemplate": false,
    "count": 0,
    "updated": 0
  }
]