[
  {
    "id": "9bf07a2e-a858-475c-8175-27ac1d57f261",
    "data": [
      {
        "text": "blocca",
        "alias": "statoMotore",
        "meta": "@statusMotore",
        "userDefined": true
      },
      {
        "text": " ",
        "userDefined": false
      },
      {
        "text": "motore",
        "meta": "@sys.ignore",
        "userDefined": true
      },
      {
        "text": " ",
        "userDefined": false
      },
      {
        "text": "quattro",
        "alias": "numero",
        "meta": "@sys.number",
        "userDefined": true
      }
    ],
    "isTemplate": false,
    "count": 0,
    "updated": 0
  },
  {
    "id": "3620e759-b8fa-4b4f-b448-bbd027ba1059",
    "data": [
      {
        "text": "accendi",
        "alias": "statoMotore",
        "meta": "@statusMotore",
        "userDefined": true
      },
      {
        "text": " ",
        "userDefined": false
      },
      {
        "text": "motore",
        "meta": "@sys.ignore",
        "userDefined": true
      },
      {
        "text": " ",
        "userDefined": false
      },
      {
        "text": "3",
        "alias": "numero",
        "meta": "@sys.number",
        "userDefined": true
      }
    ],
    "isTemplate": false,
    "count": 0,
    "updated": 0
  },
  {
    "id": "dfe3c050-9078-4248-a861-39b8ec694308",
    "data": [
      {
        "text": "ferma",
        "alias": "statoMotore",
        "meta": "@statusMotore",
        "userDefined": true
      },
      {
        "text": " ",
        "userDefined": false
      },
      {
        "text": "motore",
        "meta": "@sys.ignore",
        "userDefined": true
      },
      {
        "text": " ",
        "userDefined": false
      },
      {
        "text": "2",
        "alias": "numero",
        "meta": "@sys.number",
        "userDefined": true
      }
    ],
    "isTemplate": false,
    "count": 0,
    "updated": 0
  },
  {
    "id": "91be4f0f-4c08-4a31-aef2-d4b4e45c2531",
    "data": [
      {
        "text": "avvia",
        "alias": "statoMotore",
        "meta": "@statusMotore",
        "userDefined": true
      },
      {
        "text": " ",
        "userDefined": false
      },
      {
        "text": "motore",
        "meta": "@sys.ignore",
        "userDefined": true
      },
      {
        "text": " ",
        "userDefined": false
      },
      {
        "text": "1",
        "alias": "numero",
        "meta": "@sys.number",
        "userDefined": true
      }
    ],
    "isTemplate": false,
    "count": 0,
    "updated": 0
  }
]